\c therapistconnect;


INSERT INTO users (id, role, email) VALUES 
('ogPJfNIkAlSr5RiGHYUqR2d91UA3', 'T', 'ryanlundy@pursuit.org'),
('p8CR5WYLOEZqdHekreGAVZVXFLY2', 'P', 'christianorlando@pursuit.org'),
('5eMTFCPkXvPhW5p6o7ZnrqPpX4s1', 'T', 'janedoe@gmail.com'),
('n7EI1hG9k0cLDZgLrViTSnsjbaV2', 'T', 'johnsmith@yahoo.com'),
('sZ054JfKG4g93t5VlzBYxAqcBbO2', 'T', 'maryjohnson@hotmail.com'),
('EIL6DI3m3effmdrKIJNeGFhLiro2', 'P', 'avasmith@yahoo.com'),
('VYkzcZdCWtZKRUYRpCSOTPvEE5P2', 'P', 'benjones@hotmail.com'),
('2HKL8HYrscWfQSN2ubpWMCTabtr1', 'P', 'clairewilliams@gmail.com'),
('zANBa0WK8savc3AxI67OtChMhlJ3', 'P', 'davidbrown@outlook.com'),
('qMrYhQvcMydVyB4gq4zzE7rBk0a2', 'P', 'ethangreen@aol.com'),
('Li0IGfWs3haiCLexARdgWwCETOv1', 'P', 'gabriellawhite@yahoo.com'),
('N7vLqzfT1uhjnZXYMK9Swht1A5q2', 'P', 'henryblack@gmail.com'),
('H0xOw7ym5CNOLHtou7Lah7p4qmA2', 'P', 'isabellagray@outlook.com'),
('UoFGbscFbPM83MgcSjsJUt98y4a2', 'P', 'jacobpink@aol.com');
-- ('J1V2K1LYVLYzH3ekrOQaeZVyLYq2', 'P', 'katherinepurple@yahoo.com'),
-- ('I7WRM2K0Wk1OqDYgGROQaeZVXpY2', 'P', 'johnsmith@gmail.com'),
-- ('E2Oq1yy2DOLjWqRk2n1RYazVlQe2', 'P', 'janedoe@gmail.com'),
-- ('C3O1MzyqOLaqWkYk2e1YHazUpqr2', 'P', 'peterparker@gmail.com'),
-- ('p4Oc1axdKFzDXQgk2c1RYhzVXFa2', 'P', 'clarkkent@gmail.com'),
-- ('l5OBc1WZKLyDqHgk2n1RYqzWeFO2', 'P', 'brucewayne@gmail.com'),
-- ('k6ZD1BZaKVzDjHgk2e1YHqzVpFW2', 'P', 'dianaprince@gmail.com'),
-- ('Q7DQ1OYqKdLqXDgk2c1RYHZVXFO2', 'P', 'tonystark@gmail.com'),
-- ('w8Hb1vY2KaLzWkYk2n1RYHqzV1b2', 'P', 'steverogers@gmail.com'),
-- ('o9TOB1qzKVzDOWkYk2e1RYHZVXv2', 'P', 'thorodinson@gmail.com'),
-- ('g1Ob1yyqKOJzXkYk2c1RYHZVRXz2', 'P', 'wandamaximoff@gmail.com'),
-- ('T2HRB1V2K0K1yjHgk2n1RYqzVXp2', 'P', 'johndoe@gmail.org'),
-- ('X3OT1yy2K0WjXkYk2c1RYqzVXp2', 'P', 'janedoe@gmail.com'),
-- ('D4O1yy2KOJWzXkYk2e1RYqzVXp2', 'P', 'petersmith@gmail.org'),
-- ('J5OF1yyqKOJzWkYk2c1RYqzVXp2', 'P', 'sarahjones@gmail.com'),
-- ('m11F1yyqKOJzWkYk2e1RYqzVXp2', 'P', 'davidwilliams@gmail.com'),
-- ('t6ZD1yyqKOJzWkYk2c1RYqzVXp2', 'P', 'emilybrown@gmail.com'),
-- ('u11D1yyqKOJzWkYk2e1RYqzVXp2', 'P', 'michaelgreen@gmail.com'),
-- ('O6Jj1yyqKOJzWkYk2c1RYqzVXp2', 'P', 'jessicawhite@gmail.com'),
-- ('p7CA1yyqKOJzWkYk2e1RYqzVXp2', 'P', 'christopherblack@gmail.com'),
-- ('F8Hb1yyqKOJzWkYk2c1RYqzVXp2', 'P', 'johndoe@gmail.com'),
-- ('N9TOB1yyqKOJzWkYk2e1RYqzVXp2', 'P', 'janedoe@gmail.com'),
-- ('d1Ob1yyqKOJzXkYk2c1RYqzVXp2', 'P', 'emilyjohnson@gmail.com'),
-- ('v1M1yyqKOJzXkYk2c1RYqzVXp2', 'P', 'michaelsmith@yahoo.com'),
-- ('W2S1yyqKOJzXkYk2c1RYqzVXp2', 'P', 'sophiawilliams@gmail.com'),
-- ('X3D1yyqKOJzXkYk2c1RYqzVXp2', 'P', 'danielbrown@hotmail.com'),
-- ('R4O1yyqKOJzXkYk2c1RYqzVXp2', 'P', 'oliviamiller@gmail.com'),
-- ('n5M1yyqKOJzXkYk2c1RYqzVXp2', 'P', 'matthewdavis@yahoo.com'),
-- ('c6M1yyqKOJzXkYk2c1RYqzVXp2', 'P', 'emmamoore@hotmail.com'),
-- ('r7T1yyqKOJzXkYk2c1RYqzVXp2', 'P', 'andrewtaylor@gmail.com'),
-- ('i8I1yyqKOJzXkYk2c1RYqzVXp2', 'P', 'isabellajohnson@yahoo.com'),
-- ('B9E1yyqKOJzXkYk2c1RYqzVXp2', 'P', 'ethanwilliams@gmail.com'),
-- ('w1Ob1yyqKOJzXkYk2c1RYqzVXp2', 'P', 'emmajohnson@gmail.com'),
-- ('f1L1yyqKOJzXkYk2c1RYqzVXp2', 'P', 'liamsmith@yahoo.com'),
-- ('y1Ob1yyqKOJzXkYk2c1RYqzVXp2', 'P', 'oliviawilliams@gmail.com'),
-- ('i2N1yyqKOJzXkYk2c1RYqzVXp2', 'P', 'noahbrown@hotmail.com'),
-- ('R3A1yyqKOJzXkYk2c1RYqzVXp2', 'P', 'avamiller@gmail.com'),
-- ('b4E1yyqKOJzXkYk2c1RYqzVXp2', 'P', 'ethandavis@yahoo.com'),
-- ('d5O1yyqKOJzXkYk2c1RYqzVXp2', 'P', 'sophiamoore@hotmail.com'),
-- ('X6J1yyqKOJzXkYk2c1RYqzVXp2', 'P', 'jacksontaylor@gmail.com'),
-- ('J7M1yyqKOJzXkYk2c1RYqzVXp2', 'P', 'miajohnson@yahoo.com'),
-- ('M8A1yyqKOJzXkYk2c1RYqzVXp2', 'P', 'aidenwilliams@gmail.com');

INSERT INTO therapists (user_id, license_number, first_name, last_name, email, specialization) VALUES 
('ogPJfNIkAlSr5RiGHYUqR2d91UA3', 100, 'Ryan', 'Lundy', 'ryanlundy@pursuit.org', 'psychology'),
('5eMTFCPkXvPhW5p6o7ZnrqPpX4s1', 101, 'Jane', 'Doe', 'janedoe@gmail.com', 'psychology'),
('n7EI1hG9k0cLDZgLrViTSnsjbaV2', 102, 'John', 'Smith', 'johnsmith@yahoo.com', 'couples therapy'),
('sZ054JfKG4g93t5VlzBYxAqcBbO2', 103, 'Mary', 'Johnson', 'maryjohnson@hotmail.com', 'family therapy');
-- ('V2sTf5eKoH1bWjP4qL7xNcRmGyYu', 104, 'Peter', 'Williams', 'peterwilliams@gmail.com', 'individual therapy'),
-- ('Y3R8ZiKoHvNqU6WpXmFcTbAeGjD9', 105, 'Susan', 'Brown', 'susanbrown@outlook.com', 'substance abuse therapy'),
-- ('J3KbAqR5vY2LcNpHwS7FjUoXg6zD', 106, 'David', 'Green', 'davidgreen@aol.com', 'eating disorder therapy'),
-- ('L4T7oHjRvU5eNcWpZ9bYsQaXmGfK', 107, 'Elizabeth', 'White', 'elizabethwhite@yahoo.com', 'anxiety therapy'),
-- ('G2FqVxL9W3eN7RbPjKzXuHsYcIoA', 108, 'Jane', 'Black', 'janeblack@gmail.com', 'depression therapy'),
-- ('M7cAqP5XvN9bRjHsWlYiUoFzT8eK', 109, 'Michael', 'Gray', 'michaelgray@outlook.com', 'PTSD therapy'),
-- ('X3eRcHvYqPbWlFjS7KuN5zT1oA6D', 110, 'Sarah', 'Cyan', 'sarahcyan@aol.com', 'OCD therapy');
-- (111, 'William', 'Magenta', 'williammagenta@yahoo.com', 'ADHD therapy'),
-- (112, 'Ashley', 'Yellow', 'ashleyyellow@gmail.com', 'autism therapy'),
-- (113, 'Benjamin', 'Orange', 'benjaminorange@outlook.com', 'anger management therapy'),
-- (114, 'Caroline', 'Pink', 'carolinepink@aol.com', 'grief therapy'),
-- (115, 'Charles', 'Purple', 'charlespurple@yahoo.com', 'sleep therapy'),
-- (116, 'Danielle', 'Blue', 'danielleblue@gmail.com', 'marital therapy'),
-- (117, 'Ethan', 'Green', 'ethangreen@outlook.com', 'career counseling'),
-- (118, 'Gabriella', 'White', 'gabriellawhite@aol.com', 'life coaching'),
-- (119, 'Henry', 'Black', 'henryblack@yahoo.com', 'mindfulness therapy'),
-- (120, 'Isabella', 'Gray', 'isabellagray@gmail.com', 'trauma therapy');

INSERT INTO patients (user_id, therapist_id, first_name, last_name, email, dob, gender, contact_number, address, city, state, zip_code,profile_picture) VALUES
('p8CR5WYLOEZqdHekreGAVZVXFLY2', 1, 'Christian', 'Orlando', 'christianorlando@pursuit.org', '1992-01-07', 'male', '555-555-5555', '4200 Broadway, 3rd floor', 'New York', 'NY', '10033','https://www.istockphoto.com/vector/person-gray-photo-placeholder-man-gm1074273290-287626727'),
('EIL6DI3m3effmdrKIJNeGFhLiro2', 2, 'Ava', 'Smith', 'avasmith@yahoo.com', '2000-02-08', 'female', '666-666-6666', '123 Main Street, Apt. 100', 'Los Angeles', 'CA', '90001','https://www.istockphoto.com/vector/person-gray-photo-placeholder-woman-gm1177794429-328939607'),
('VYkzcZdCWtZKRUYRpCSOTPvEE5P2', 1, 'Ben', 'Jones', 'benjones@hotmail.com', '1990-03-09', 'male', '777-777-7777', '456 Elm Street, Apt. 200', 'Chicago', 'IL', '60602','https://media.istockphoto.com/id/1286810719/photo/smiling-cheerful-young-adult-african-american-ethnicity-man-looking-at-camera-standing-at.jpg?s=612x612&w=0&k=20&c=b9sWYITIZ_yjXB3m-Xftj-latPXQDhb5Roa0pA0JaNY='),
('2HKL8HYrscWfQSN2ubpWMCTabtr1', 2, 'Claire', 'Williams', 'clairewilliams@gmail.com', '1988-04-10', 'female', '888-888-8888', '789 Maple Street, Apt. 300', 'Houston', 'TX', '77002','https://www.istockphoto.com/vector/person-gray-photo-placeholder-man-gm1184003973-333116618'),
('zANBa0WK8savc3AxI67OtChMhlJ3', 1, 'David', 'Brown', 'davidbrown@outlook.com', '1986-05-11', 'male', '999-999-9999', '1010 Oak Street, Apt. 400', 'Miami', 'FL', '33101','https://www.istockphoto.com/vector/man-avatar-icon-placeholder-illustration-gm1443176916-482231271'),
('qMrYhQvcMydVyB4gq4zzE7rBk0a2', 2, 'Ethan', 'Green', 'ethangreen@aol.com', '1984-06-12', 'male', '111-111-1111', '1111 Pine Street, Apt. 500', 'New York', 'NY', '10001','https://www.istockphoto.com/vector/girl-with-tails-icon-monochrome-single-avatar-peaople-icon-from-the-big-avatar-gm683229200-125412439'),
('Li0IGfWs3haiCLexARdgWwCETOv1', 1, 'Gabriella', 'White', 'gabriellawhite@yahoo.com', '1982-07-13', 'female', '222-222-2222', '2222 Birch Street, Apt. 600', 'San Francisco', 'CA', '94102','https://media.istockphoto.com/id/1386479313/photo/happy-millennial-afro-american-business-woman-posing-isolated-on-white.jpg?b=1&s=612x612&w=0&k=20&c=MsKXmwf7TDRdKRn_lHohhmD5rvVvnGs9ry0xl6CrMT4='),
('N7vLqzfT1uhjnZXYMK9Swht1A5q2', 2, 'Henry', 'Black', 'henryblack@gmail.com', '1980-08-14', 'male', '333-333-3333', '3333 Elm Street, Apt. 700', 'Seattle', 'WA', '98101','https://media.istockphoto.com/id/1288538088/photo/portrait-young-confident-smart-asian-businessman-look-at-camera-and-smile.jpg?s=612x612&w=0&k=20&c=qkOwVHZFC-fbtbTnufVGaXFhnQBcfEjzbu5ThSXVLR0='),
('H0xOw7ym5CNOLHtou7Lah7p4qmA2', 1, 'Isabella', 'Gray', 'isabellagray@outlook.com', '1978-09-15', 'female', '444-444-4444', '4444 Maple Street, Apt. 800', 'Boston', 'MA', '02101','https://media.istockphoto.com/id/844000458/vector/default-placeholder-man.jpg?s=612x612&w=0&k=20&c=t2MBW3loUx9_1U4vyLuTTIToLkbALXTF1whNDiedK1o='),
('UoFGbscFbPM83MgcSjsJUt98y4a2', 2, 'Jacob', 'Pink', 'jacobpink@aol.com', '1976-10-16', 'male', '555-555-5555', '5555 Oak Street, Apt. 900', 'Denver', 'CO', '80202','https://media.istockphoto.com/id/844000458/vector/default-placeholder-man.jpg?s=612x612&w=0&k=20&c=t2MBW3loUx9_1U4vyLuTTIToLkbALXTF1whNDiedK1o=');
-- ('J1V2K1LYVLYzH3ekrOQaeZVyLYq2', 3, 'Katherine', 'Purple', 'katherinepurple@yahoo.com', '1974-11-17', 'female', '666-666-6666', '6666 Pine Street, Apt. 1000', 'Atlanta', 'GA', '30303'),
-- ('I7WRM2K0Wk1OqDYgGROQaeZVXpY2', 4, 'John', 'Smith', 'johnsmith@gmail.com', '1980-02-20', 'male', '123-456-7890', '123 Main Street', 'Los Angeles', 'CA', '90001'),
-- ('E2Oq1yy2DOLjWqRk2n1RYazVlQe2', 1, 'Jane', 'Doe', 'janedoe@gmail.com', '1995-03-08', 'female', '987-654-3210', '456 Elm Street', 'Chicago', 'IL', '60601'),
-- ('C3O1MzyqOLaqWkYk2e1YHazUpqr2', 2, 'Peter', 'Parker', 'peterparker@gmail.com', '1990-04-15', 'male', '321-567-8900', '789 Washington Street', 'Miami', 'FL', '33131'),
-- ('p4Oc1axdKFzDXQgk2c1RYhzVXFa2', 3, 'Clark', 'Kent', 'clarkkent@gmail.com', '1985-05-22', 'male', '654-321-9870', '1011 Maple Street', 'San Francisco', 'CA', '94101'),
-- ('l5OBc1WZKLyDqHgk2n1RYqzWeFO2', 4, 'Bruce', 'Wayne', 'brucewayne@gmail.com', '1970-06-09', 'male', '890-012-3456', '2020 Pennsylvania Avenue', 'Washington', 'DC', '20500'),
-- ('k6ZD1BZaKVzDjHgk2e1YHqzVpFW2', 1, 'Diana', 'Prince', 'dianaprince@gmail.com', '1988-07-16', 'female', '789-012-3456', '3000 Ocean Drive', 'Miami Beach', 'FL', '33139'),
-- ('Q7DQ1OYqKdLqXDgk2c1RYHZVXFO2', 2, 'Tony', 'Stark', 'tonystark@gmail.com', '1975-08-23', 'male', '654-567-8900', '10880 Malibu Point', 'Malibu', 'CA', '90265'),
-- ('w8Hb1vY2KaLzWkYk2n1RYHqzV1b2', 3, 'Steve', 'Rogers', 'steverogers@gmail.com', '1918-09-03', 'male', '321-987-6540', '30 Rockefeller Plaza', 'New York', 'NY', '10112'),
-- ('o9TOB1qzKVzDOWkYk2e1RYHZVXv2', 4, 'Thor', 'Odinson', 'thorodinson@gmail.com', '1993-10-10', 'male', '987-890-0123', '1 Asgardian Way', 'Asgard', 'AS', '90210'),
-- ('g1Ob1yyqKOJzXkYk2c1RYHZVRXz2', 1, 'Wanda', 'Maximoff', 'wandamaximoff@gmail.com', '1998-11-17', 'female', '567-890-1234', '20 Avengers Tower', 'New York', 'NY', '10032'),
-- ('T2HRB1V2K0K1yjHgk2n1RYqzVXp2', 2, 'John', 'Doe', 'johndoe@gmail.org', '1980-02-20', 'male', '666-666-6666', '123 Main Street', 'Los Angeles', 'CA', '90001'),
-- ('X3OT1yy2K0WjXkYk2c1RYqzVXp2', 3, 'Jane', 'Doe', 'janedoe@gmail.com', '1990-03-08', 'female', '777-777-7777', '543 Elm Street', 'Chicago', 'IL', '60601'),
-- ('D4O1yy2KOJWzXkYk2e1RYqzVXp2', 4, 'Peter', 'Smith', 'petersmith@gmail.org', '1985-04-15', 'male', '888-888-8888', '987 Maple Avenue', 'Dallas', 'TX', '75201'),
-- ('J5OF1yyqKOJzWkYk2c1RYqzVXp2', 1, 'Sarah', 'Jones', 'sarahjones@gmail.com', '1995-05-22', 'female', '999-999-9999', '654 Oak Street', 'Miami', 'FL', '33101'),
-- ('m11F1yyqKOJzWkYk2e1RYqzVXp2', 2, 'David', 'Williams', 'davidwilliams@gmail.com', '1988-06-30', 'male', '123-456-7890', '210 Washington Street', 'Seattle', 'WA', '98101'),
-- ('t6ZD1yyqKOJzWkYk2c1RYqzVXp2', 3, 'Emily', 'Brown', 'emilybrown@gmail.com', '1997-07-17', 'female', '234-567-8901', '345 Jefferson Street', 'San Francisco', 'CA', '94101'),
-- ('u11D1yyqKOJzWkYk2e1RYqzVXp2', 4, 'Michael', 'Green', 'michaelgreen@gmail.com', '1990-08-24', 'male', '345-678-9012', '456 Lincoln Street', 'Boston', 'MA', '02101'),
-- ('O6Jj1yyqKOJzWkYk2c1RYqzVXp2', 1, 'Jessica', 'White', 'jessicawhite@gmail.com', '1995-09-30', 'female', '456-789-0123', '567 Washington Street', 'New York', 'NY', '10001'),
-- ('p7CA1yyqKOJzWkYk2e1RYqzVXp2', 2, 'Christopher', 'Black', 'christopherblack@gmail.com', '1998-10-18', 'male', '567-890-1234', '678 Jefferson Street', 'Los Angeles', 'CA', '90002'),
-- ('F8Hb1yyqKOJzWkYk2c1RYqzVXp2', 3, 'John', 'Doe', 'johndoe@gmail.com', '1980-02-20', 'male', '666-666-6666', '123 Main Street', 'Los Angeles', 'CA', '90001'),
-- ('N9TOB1yyqKOJzWkYk2e1RYqzVXp2', 4, 'Jane', 'Doe', 'janedoe@gmail.com', '1990-03-08', 'female', '777-777-7777', '543 Elm Street', 'Chicago', 'IL', '60601'),
-- ('d1Ob1yyqKOJzXkYk2c1RYqzVXp2', 1, 'Emily', 'Johnson', 'emilyjohnson@gmail.com', '1990-05-15', 'female', '555-123-4567', '123 Elm Street, Apt. 101', 'New York', 'NY', '10001'),
-- ('v1M1yyqKOJzXkYk2c1RYqzVXp2', 2, 'Michael', 'Smith', 'michaelsmith@yahoo.com', '1985-09-25', 'male', '555-234-5678', '456 Oak Avenue, Unit 202', 'Los Angeles', 'CA', '90001'),
-- ('W2S1yyqKOJzXkYk2c1RYqzVXp2', 3, 'Sophia', 'Williams', 'sophiawilliams@gmail.com', '1992-03-10', 'female', '555-345-6789', '789 Maple Street, Suite 303', 'Chicago', 'IL', '60601'),
-- ('X3D1yyqKOJzXkYk2c1RYqzVXp2', 4, 'Daniel', 'Brown', 'danielbrown@hotmail.com', '1988-11-20', 'male', '555-456-7890', '1010 Pine Road, Apt. 404', 'Houston', 'TX', '77002'),
-- ('R4O1yyqKOJzXkYk2c1RYqzVXp2', 1, 'Olivia', 'Miller', 'oliviamiller@gmail.com', '1995-07-18', 'female', '555-567-8901', '1111 Birch Lane, Apt. 505', 'Miami', 'FL', '33101'),
-- ('n5M1yyqKOJzXkYk2c1RYqzVXp2', 2, 'Matthew', 'Davis', 'matthewdavis@yahoo.com', '1982-01-08', 'male', '555-678-9012', '1313 Cedar Court, Suite 606', 'San Francisco', 'CA', '94101'),
-- ('c6M1yyqKOJzXkYk2c1RYqzVXp2', 3, 'Emma', 'Moore', 'emmamoore@hotmail.com', '1998-04-05', 'female', '555-789-0123', '1515 Oak Avenue, Unit 707', 'Seattle', 'WA', '98101'),
-- ('r7T1yyqKOJzXkYk2c1RYqzVXp2', 4, 'Andrew', 'Taylor', 'andrewtaylor@gmail.com', '1980-12-01', 'male', '555-890-1234', '1616 Pine Road, Apt. 808', 'Boston', 'MA', '02101'),
-- ('i8I1yyqKOJzXkYk2c1RYqzVXp2', 1, 'Isabella', 'Johnson', 'isabellajohnson@yahoo.com', '1993-08-12', 'female', '555-901-2345', '1717 Birch Lane, Suite 909', 'Denver', 'CO', '80201'),
-- ('B9E1yyqKOJzXkYk2c1RYqzVXp2', 2, 'Ethan', 'Williams', 'ethanwilliams@gmail.com', '1987-06-30', 'male', '555-012-3456', '1818 Cedar Court, Apt. 1010', 'Atlanta', 'GA', '30301'),
-- ('w1Ob1yyqKOJzXkYk2c1RYqzVXp2', 3, 'Emma', 'Johnson', 'emmajohnson@gmail.com', '1990-05-15', 'female', '555-123-4567', '123 Elm Street, Apt. 101', 'New York', 'NY', '10001'),
-- ('f1L1yyqKOJzXkYk2c1RYqzVXp2', 4, 'Liam', 'Smith', 'liamsmith@yahoo.com', '1985-09-25', 'male', '555-234-5678', '456 Oak Avenue, Unit 202', 'Los Angeles', 'CA', '90001'),
-- ('y1Ob1yyqKOJzXkYk2c1RYqzVXp2', 1, 'Olivia', 'Williams', 'oliviawilliams@gmail.com', '1992-03-10', 'female', '555-345-6789', '789 Maple Street, Suite 303', 'Chicago', 'IL', '60601'),
-- ('i2N1yyqKOJzXkYk2c1RYqzVXp2', 2, 'Noah', 'Brown', 'noahbrown@hotmail.com', '1988-11-20', 'male', '555-456-7890', '1010 Pine Road, Apt. 404', 'Houston', 'TX', '77002'),
-- ('R3A1yyqKOJzXkYk2c1RYqzVXp2', 3, 'Ava', 'Miller', 'avamiller@gmail.com', '1995-07-18', 'female', '555-567-8901', '1111 Birch Lane, Apt. 505', 'Miami', 'FL', '33101'),
-- ('b4E1yyqKOJzXkYk2c1RYqzVXp2', 4, 'Ethan', 'Davis', 'ethandavis@yahoo.com', '1982-01-08', 'male', '555-678-9012', '1313 Cedar Court, Suite 606', 'San Francisco', 'CA', '94101'),
-- ('d5O1yyqKOJzXkYk2c1RYqzVXp2', 1, 'Sophia', 'Moore', 'sophiamoore@hotmail.com', '1998-04-05', 'female', '555-789-0123', '1515 Oak Avenue, Unit 707', 'Seattle', 'WA', '98101'),
-- ('X6J1yyqKOJzXkYk2c1RYqzVXp2', 2, 'Jackson', 'Taylor', 'jacksontaylor@gmail.com', '1980-12-01', 'male', '555-890-1234', '1616 Pine Road, Apt. 808', 'Boston', 'MA', '02101'),
-- ('J7M1yyqKOJzXkYk2c1RYqzVXp2', 3, 'Mia', 'Johnson', 'miajohnson@yahoo.com', '1993-08-12', 'female', '555-901-2345', '1717 Birch Lane, Suite 909', 'Denver', 'CO', '80201'),
-- ('M8A1yyqKOJzXkYk2c1RYqzVXp2', 4, 'Aiden', 'Williams', 'aidenwilliams@gmail.com', '1987-06-30', 'male', '555-012-3456', '1818 Cedar Court, Apt. 1010', 'Atlanta', 'GA', '30301');


INSERT INTO journal_entries (patient_id, entry_date, journal_entry, analysis_score) VALUES 
(1, '2023-08-25', 'Hello world', 3),
(2, '2023-08-26', 'Today was a good day.', 3),
(3, '2023-08-27', 'Feeling a bit stressed lately.', 2),
(4, '2023-08-28', 'Had a productive session with my therapist.', 3),
(5, '2023-08-29', 'Struggling to focus on tasks.', 2),
(6, '2023-08-30', 'Excited about the upcoming vacation.', 3),
(7, '2023-08-31', 'Feeling overwhelmed with work.', 2),
(8, '2023-09-01', 'Spent quality time with family.', 3),
(9, '2023-09-02', 'Dealing with some relationship issues.', 2),
(10, '2023-09-03', 'Trying out meditation to reduce stress.', 2),
(1, '2023-09-04', 'Attended a social gathering.', 2),
(2, '2023-09-05', 'Feeling anxious and i want to jump into the sea.', 1),
(3, '2023-09-06', 'Enjoyed a relaxing weekend.', 3),
(4, '2023-11-24', 'Feeling grateful for the support I have.', 3),
(5, '2023-11-25', 'Struggling with self-doubt and feel like dying.', 1),
(6, '2023-11-26', 'Attended a therapy session and shared my concerns.', 3),
(7, '2023-11-27', 'Feeling anxious the death of my support dog and i do not want to live.', 1),
(8, '2023-11-28', 'Taking steps to improve my mental well-being.', 3),
(9, '2023-11-29', 'Reflecting on my progress over the past month.', 2),
(10, '2023-11-30', 'I just can not cope with the loss of my friend....', 1),
(1, '2023-12-01', 'Setting goals for the upcoming year.', 2),
(2, '2023-12-02', 'Feeling motivated to make positive changes.', 3),
(3, '2023-12-03', 'Practicing mindfulness to stay present.', 3),
(4, '2023-11-30', 'Reflecting on the year that passed.', 2),
(5, '2023-12-01', 'Feeling optimistic about the future.', 3),
(6, '2023-09-04', 'Reflecting on my progress in therapy.', 2),
(7, '2023-09-05', 'Feeling uncertain about the future.', 2),
(8, '2023-11-30', 'Grateful for the support of my therapist.', 3),
(9, '2023-12-01', 'Feeling motivated to set new goals.', 3),
(10, '2023-12-02', 'Had a breakthrough moment in therapy.', 3),
(1, '2023-12-03', 'Feeling a bit overwhelmed by responsibilities.', 2),
(2, '2023-02-26', 'Enjoyed a relaxing weekend with friends.', 3),
(3, '2023-02-27', 'Dealing with unexpected challenges and i do not want live any longer.', 1),
(4, '2023-05-20', 'Feeling proud of graduating college.', 3),
(5, '2023-05-21', 'Working on improving my self-esteem.', 2),
(6, '2023-06-15', 'Attended a yoga class for the first time. Feeling relaxed and more in tune with my body.', 3),
(7, '2023-06-16', 'Received a promotion at work. Proud of my accomplishments and excited about the new responsibilities.', 3),
(8, '2023-06-17', 'Spent the day volunteering at a local animal shelter. It feels great to give back to the community.', 3),
(9, '2023-06-18', 'Struggling with a sense of loneliness today. Need to reach out to friends and plan a get-together.', 2),
(10, '2023-06-19', 'Celebrated my parent''s anniversary. Grateful for their love and the strong family bond.', 3),
(1, '2023-06-20', 'Feeling inspired after reading a motivational book. Ready to set new personal goals.', 3),
(2, '2023-06-21', 'Took a long walk in the park. Nature always helps clear my mind and reduce stress.', 3),
(3, '2023-06-22', 'Had a heart-to-heart conversation with a close friend. Sharing our feelings is so therapeutic.', 3),
(4, '2023-06-23', 'Reflecting on my progress in therapy. It''s encouraging to see how far I''ve come.', 3),
(5, '2023-06-24', 'Feeling grateful for the little things in life. Sometimes, it''s the small moments that matter most.', 3),
(6, '2023-06-25', 'Started a new hobby - painting. It''s a wonderful way to express myself creatively.', 3),
(7, '2023-06-26', 'Went for a long bike ride. Physical activity always boosts my mood and energy.', 3),
(8, '2023-06-27', 'Attended a support group meeting. It''s comforting to connect with others who understand.', 3),
(9, '2023-06-28', 'Feeling a bit anxious about an upcoming presentation. Preparing well to overcome this challenge.', 2),
(10, '2023-06-29', 'Had a meaningful conversation with a stranger. Sometimes, unexpected connections can be enlightening.', 3),
(1, '2023-06-30', 'Reached a personal milestone in my fitness journey. Feeling proud of my dedication.', 3),
(2, '2023-07-01', 'Took a day off to relax and recharge. Self-care is important for mental well-being.', 3),
(3, '2023-08-25', 'Hello world', 3),
(1, '2023-08-26', 'Today was a good day.', 3),
(4, '2023-08-27', 'Feeling a bit stressed lately.', 2),
(5, '2023-08-28', 'Had a productive session with my therapist.', 3),
(6, '2023-08-29', 'Struggling to focus on tasks.', 2),
(7, '2023-08-30', 'Excited about the upcoming vacation.', 3),
(8, '2023-08-31', 'Feeling overwhelmed with work.', 2),
(9, '2023-09-01', 'Spent quality time with family.', 3),
(10, '2023-09-02', 'Dealing with some relationship issues.', 2),
(1, '2023-09-03', 'Trying out meditation to reduce stress.', 2),
(2, '2023-09-04', 'Attended a social gathering.', 2),
(3, '2023-09-05', 'Feeling anxious and i want to jump into the sea.', 1),
(4, '2023-09-06', 'Enjoyed a relaxing weekend.', 3),
(5, '2023-11-24', 'Feeling grateful for the support I have.', 3),
(6, '2023-11-25', 'Struggling with self-doubt and feel like dying.', 1),
(7, '2023-11-26', 'Attended a therapy session and shared my concerns.', 3),
(8, '2023-11-27', 'Feeling anxious the death of my support dog and i do not want to live.', 1),
(9, '2023-11-28', 'Taking steps to improve my mental well-being.', 3),
(10, '2023-11-29', 'Reflecting on my progress over the past month.', 2),
(1, '2023-11-30', 'I just can not cope with the loss of my friend....', 1),
(2, '2023-12-01', 'Setting goals for the upcoming year.', 2),
(3, '2023-12-02', 'Feeling motivated to make positive changes.', 3),
(4, '2023-12-03', 'Practicing mindfulness to stay present.', 3),
(5, '2023-11-30', 'Reflecting on the year that passed.', 2),
(6, '2023-12-01', 'Feeling optimistic about the future.', 3),
(7, '2023-09-04', 'Reflecting on my progress in therapy.', 2),
(8, '2023-09-05', 'Feeling uncertain about the future.', 2),
(9, '2023-11-30', 'Grateful for the support of my therapist.', 3),
(10, '2023-12-01', 'Feeling motivated to set new goals.', 3),
(1, '2023-12-02', 'Had a breakthrough moment in therapy.', 3),
(2, '2023-12-03', 'Feeling a bit overwhelmed by responsibilities.', 2),
(3, '2023-02-26', 'Enjoyed a relaxing weekend with friends.', 3),
(4, '2023-02-27', 'Dealing with unexpected challenges and i do not want live any longer.', 1),
(5, '2023-05-20', 'Feeling proud of graduating college.', 3),
(6, '2023-05-21', 'Working on improving my self-esteem.', 2),
(7, '2023-06-15', 'Attended a yoga class for the first time. Feeling relaxed and more in tune with my body.', 3),
(8, '2023-06-16', 'Received a promotion at work. Proud of my accomplishments and excited about the new responsibilities.', 3),
(9, '2023-06-17', 'Spent the day volunteering at a local animal shelter. It feels great to give back to the community.', 3),
(10, '2023-06-18', 'Struggling with a sense of loneliness today. Need to reach out to friends and plan a get-together.', 2),
(1, '2023-06-19', 'Celebrated my parent''s anniversary. Grateful for their love and the strong family bond.', 3),
(2, '2023-06-20', 'Feeling inspired after reading a motivational book. Ready to set new personal goals.', 3),
(3, '2023-06-21', 'Took a long walk in the park. Nature always helps clear my mind and reduce stress.', 3),
(4, '2023-06-22', 'Had a heart-to-heart conversation with a close friend. Sharing our feelings is so therapeutic.', 3),
(5, '2023-06-23', 'Reflecting on my progress in therapy. It''s encouraging to see how far I''ve come.', 3),
(6, '2023-06-24', 'Feeling grateful for the little things in life. Sometimes, it''s the small moments that matter most.', 3),
(7, '2023-06-25', 'Started a new hobby - painting. It''s a wonderful way to express myself creatively.', 3),
(8, '2023-06-26', 'Went for a long bike ride. Physical activity always boosts my mood and energy.', 3),
(9, '2023-06-27', 'Attended a support group meeting. It''s comforting to connect with others who understand.', 3),
(10, '2023-06-28', 'Feeling a bit anxious about an upcoming presentation. Preparing well to overcome this challenge.', 2),
(1, '2023-06-29', 'Had a meaningful conversation with a stranger. Sometimes, unexpected connections can be enlightening.', 3),
(2, '2023-06-30', 'Reached a personal milestone in my fitness journey. Feeling proud of my dedication.', 3),
(3, '2023-07-01', 'Took a day off to relax and recharge. Self-care is important for mental well-being.', 3);